ID,Name,Stream_Nam,Latitude,Longitude,DrainLnID,HydroID_1,COMID,Basin_Stat,Basin_Simu,Ratio_,Shape_Leng,watershed,subbasin,region,new_COMID
15067180,AREMASAHIN,RANCHERIA,11.47791667,-72.72125,130233,130233,130233,3259.03,3591.63,90.73958064,15850.90293,south_america,geoglows,Northwest_Coast,9000094
15017020,REVUELTA LA,PIEDRAS,11.27792607,-73.94157875,130205,130205,130205,140.94,166.54,84.62831752,17731.75884,south_america,geoglows,Northwest_Coast,9000135
15027010,PTE CARRETERA,DON DIEGO,11.24458333,-73.69375,130258,130258,130258,537.8,586.28,91.73091356,6383.256032,south_america,geoglows,Northwest_Coast,9000152
15017040,GUACHACA,GUACHACA,11.24777694,-73.84125,130221,130221,130221,246.33,267.51,92.08253897,34432.99198,south_america,geoglows,Northwest_Coast,9000192
15037020,PTE CARRETERA,PALOMINO,11.24458333,-73.56708333,130266,130266,130266,686.47,722.9,94.96057546,31642.14141,south_america,geoglows,Northwest_Coast,9000197
15037010,ANCHO,ANCHO,11.20375,-73.46125,130230,130230,130230,509.39,545.55,93.3718266,25877.27935,south_america,geoglows,Northwest_Coast,9000199
15017080,BURITACA,BURITACA,11.24952325,-73.76291667,130229,130229,130229,300.91,313.95,95.84647237,40427.36739,south_america,geoglows,Northwest_Coast,9000203
15067010,LOMA LINDA,AY CERREJON,11.01552969,-72.64632479,130240,130240,130240,114.03,162.12,70.33678757,12177.20023,south_america,geoglows,Northwest_Coast,9000249
15067160,ABAJO BOCATOMA,RANCHERIA,11.03375,-72.70791667,130260,130260,130260,1915.28,2130.28,89.90743001,9913.091549,south_america,geoglows,Northwest_Coast,9000263
15067170,SAN FRANCISCO,RANCHERIA,10.99128979,-72.75704503,130260,130260,130260,1770.12,2130.28,83.09343744,2982.664719,south_america,geoglows,Northwest_Coast,9000271
15067150,PTE EL GUAJIRO,RANCHERIA,10.92625,-72.80291667,130272,130272,130272,1344.68,1634.08,82.28972878,5286.386409,south_america,geoglows,Northwest_Coast,9000304
15067200,EL SILENCIO AUTOMATICA,RANCHERIA,10.91875001,-72.91586525,130279,130279,130279,526.51,623.48,84.44697504,16453.59868,south_america,geoglows,Northwest_Coast,9000316
29067070,RIO FRIO,FRIO,10.89791667,-74.15458333,130287,130287,130287,299.65,403.13,74.33086101,49953.1045,south_america,geoglows,Northwest_Coast,9000336
29067050,CANAL FLORIDA,SEVILLA,10.75041667,-74.08625,130314,130314,130314,244.51,496.73,49.22392447,45794.15083,south_america,geoglows,Northwest_Coast,9000400
28017080,CORRAL DE PIEDRA,CESAR,10.82708333,-73.06541667,130337,130337,130337,191.27,367.58,52.03493117,29906.62672,south_america,geoglows,Northwest_Coast,9000433
28017110,MINA LA,BADILLO,10.68876507,-73.27385302,130345,130345,130345,651.48,876.03,74.36731619,25792.32012,south_america,geoglows,Northwest_Coast,9000490
29067010,TREBOL EL,TUCURINCA,10.63625005,-74.14633208,130349,130349,130349,433.38,861.45,50.30820129,47262.84416,south_america,geoglows,Northwest_Coast,9000508
29067130,PTE FERROCARRIL,ARACATACA,10.57958333,-74.19708333,130369,130369,130369,759.72,819.62,92.69173519,64305.01571,south_america,geoglows,Northwest_Coast,9000545
29067150,GANADERIA CARIBE,ARACATACA,10.57208333,-74.12958333,130369,130369,130369,745.67,819.62,90.97752617,64305.01571,south_america,geoglows,Northwest_Coast,9000545
29067120,FUNDACION,FUNDACION,10.52541667,-74.18625,130403,130403,130403,1027.54,1077.24,95.38635773,17749.6502,south_america,geoglows,Northwest_Coast,9000639
28017050,REPOSO EL,GUATAPURI,10.54041667,-73.34458333,130422,130422,130422,598.39,714.75,83.72018188,34934.32998,south_america,geoglows,Northwest_Coast,9000678
28037030,PTE SALGUERO,CESAR,10.38458333,-73.23208333,130439,130439,130439,3411.05,3516.36,97.00514168,10811.78827,south_america,geoglows,Northwest_Coast,9000743
28047010,AURORA LA,ARIGUANI,10.27625,-73.97791667,130485,130485,130485,734.67,762.8,96.31227058,28590.47387,south_america,geoglows,Northwest_Coast,9000855
28047040,PTE CARRETERA,ARIGUANICITO,10.27124535,-73.97296174,130486,130486,130486,176.81,186.68,94.71287765,23262.66783,south_america,geoglows,Northwest_Coast,9000856
29037020,CALAMAR,MAGDALENA,10.25,-74.91166667,130530,130530,130530,256609.52,267549.05,95.91120581,9701.604262,south_america,geoglows,Northwest_Coast,9000896
28037130,PTE CARRETERA,DILUVIO,10.1501933,-73.62982866,130587,130587,130587,269.8,388.74,69.40371457,18066.24747,south_america,geoglows,Northwest_Coast,9001011
28037060,CANTACLARO,GARUPAL,10.08709781,-73.73377007,130676,130676,130676,169.98,288.73,58.87161016,59567.15537,south_america,geoglows,Northwest_Coast,9001280
28047050,PALMARIGUANI,ARIGUANI,9.932083333,-73.95625,130756,130756,130756,3255.56,3814.69,85.34271461,11797.19977,south_america,geoglows,Northwest_Coast,9001336
29017010,TENERIFE,MAGDALENA,9.90375,-74.86458333,130727,130727,130727,253386.27,258715.38,97.94016498,11439.11853,south_america,geoglows,Northwest_Coast,9001353
28027050,BECERRIL,MARACAS,9.695416667,-73.28208333,130799,130799,130799,546.91,627.03,87.22230196,39070.32994,south_america,geoglows,Northwest_Coast,9001569
13077040,DOCTRINA LA,SINU,9.285447792,-75.91128112,131048,131048,131048,13618.33,14358.25,94.84672575,4839.13478,south_america,geoglows,Northwest_Coast,9002093
25027680,MAGANGUE-ESPERANZA,BZO DE LOBA,9.245416667,-74.74041667,131123,131123,131123,242032.66,252497.26,95.85555899,27064.57054,south_america,geoglows,Northwest_Coast,9002185
13077060,COTOCA ABAJO,SINU,9.216260093,-75.85959135,131101,131101,131101,13230.27,14143.44,93.54350851,3565.382669,south_america,geoglows,Northwest_Coast,9002204
16067010,PTO BARCO-GABARRA,CATATUMBO,9.004583333,-72.89791667,131271,131271,131271,5183.32,5524.98,93.81608621,37464.22548,south_america,geoglows,Northwest_Coast,9002558
25027020,BANCO EL,MAGDALENA,8.990416688,-73.9696912,131275,131275,131275,160829.43,167243.31,96.16494077,10896.98335,south_america,geoglows,Northwest_Coast,9002565
25027530,BARBOSA,BZO DE LOBA,9.04375,-74.65291667,131311,131311,131311,224205.97,234020.05,95.80630805,25850.79607,south_america,geoglows,Northwest_Coast,9002605
25027930,COYONGAL,BZO DE LOBA,8.945434653,-74.50793435,131322,131322,131322,224150.05,234020.05,95.78241266,25850.79607,south_america,geoglows,Northwest_Coast,9002605
25027490,AGUADAS LAS,BZO DE LOBA,8.952083336,-74.05984833,131386,131386,131386,161390.01,168255.79,95.91943909,14687.36107,south_america,geoglows,Northwest_Coast,9002607
25027360,ARMENIA,BZO DE LOBA,8.896250089,-74.3984094,131368,131368,131368,162241.2,168683.15,96.18103527,9297.320398,south_america,geoglows,Northwest_Coast,9002669
13077010,SABANA NUEVA,SINU,9.032884897,-75.85291664,131431,131431,131431,9991.45,10913.84,91.54843758,26875.24129,south_america,geoglows,Northwest_Coast,9002722
25027330,PENONCITO,MAGDALENA,8.984533493,-73.94120015,131372,131372,131372,138672.6,144317.34,96.08866128,27969.08867,south_america,geoglows,Northwest_Coast,9002766
13067020,MONTERIA AUTOMATIC,SINU,8.770928745,-75.89931542,131431,131431,131431,9366.43,10913.84,85.82158519,13208.66472,south_america,geoglows,Northwest_Coast,9002837
25027410,REGIDOR,MAGDALENA,8.668778067,-73.81788862,131466,131466,131466,136649.95,142228.61,96.07768086,2427.998032,south_america,geoglows,Northwest_Coast,9002953
12037010,CANDELARIA LA,SAN JUAN D URABA,8.662926538,-76.44625987,131675,131675,131675,1050.85,1483.61,70.83060912,3392.619398,south_america,geoglows,Northwest_Coast,9002984
25027640,TRES CRUCES,CAUCA,8.702810499,-74.51875001,131530,131530,131530,59629.51,62780.81,94.98047254,36663.90383,south_america,geoglows,Northwest_Coast,9002988
16037040,CAMPO SEIS,TIBU,8.60125,-72.80791667,131567,131567,131567,315.62,416.08,75.85560469,40403.73122,south_america,geoglows,Northwest_Coast,9003159
13057010,NUEVA COLOMBIA AUT,SINU,8.524583333,-76.03708333,131576,131576,131576,8257.42,8823.55,93.58387497,8910.009814,south_america,geoglows,Northwest_Coast,9003172
16057040,QUINCE LETRAS,CATATUMBO,8.540416667,-73.24291667,131587,131587,131587,1391.49,1539.37,90.39347265,17565.0343,south_america,geoglows,Northwest_Coast,9003205
16037010,CAMPO TRES,NUEVO PRESIDENTE,8.517247523,-72.69458334,131631,131631,131631,720.22,813.64,88.51826361,29680.03241,south_america,geoglows,Northwest_Coast,9003314
16037020,CAMPO DOS,SARDINATA,8.49107638,-72.62707195,131645,131645,131645,1880.06,2094.18,89.77547298,21144.79617,south_america,geoglows,Northwest_Coast,9003356
12027050,PUEBLO NUEVO,MULATOS,8.417916666,-76.62791667,131657,131657,131657,1007.83,1513.84,66.57440681,11419.2807,south_america,geoglows,Northwest_Coast,9003388
25027200,VARAS LAS,CAUCA,8.388275695,-74.55875001,131662,131662,131662,58925.87,62106.13,94.87931385,8100.557256,south_america,geoglows,Northwest_Coast,9003397
16037050,PTE SAN MIGUEL,SAN MIGUEL,8.368331064,-72.58958335,131768,131768,131768,415.31,460.32,90.22201947,10836.09369,south_america,geoglows,Northwest_Coast,9003463
25027910,RAYA LA,CNO CARIBONA,8.344808891,-74.56208333,131718,131718,131718,399.46,421.11,94.85882549,12673.07257,south_america,geoglows,Northwest_Coast,9003508
16027060,PTO LEON,ZULIA,8.352083333,-72.44875,131755,131755,131755,3274.38,3426.55,95.55909005,27672.1541,south_america,geoglows,Northwest_Coast,9003589
16017010,AGUAS CLARAS,PAMPLONITA,8.21625341,-72.39457553,131992,131992,131992,2074.02,2137.63,97.02426135,6207.413373,south_america,geoglows,Northwest_Coast,9003626
25027120,MARRALU,SAN JORGE,8.31376211,-75.24208333,131775,131775,131775,5173.62,5606.59,92.27748061,36877.68164,south_america,geoglows,Northwest_Coast,9003631
12027010,PUEBLO BELLO,MULATOS,8.205441271,-76.5237746,131844,131844,131844,305.42,834.96,36.5789978,15434.47472,south_america,geoglows,Northwest_Coast,9003641
23217030,CONTENTO EL,MAGDALENA,8.224294098,-73.77644946,131796,131796,131796,130800.56,136443.67,95.86414672,9771.67638,south_america,geoglows,Northwest_Coast,9003692
13037040,CARRIZOLA,SINU,8.148747804,-76.1171254,131813,131813,131813,5150.6,5848.45,88.06777864,19449.8229,south_america,geoglows,Northwest_Coast,9003723
16057030,CABA#A LA AUTOMATI,ALGODONAL,8.19875,-73.31791667,131860,131860,131860,531.37,609.21,87.22279674,27103.57899,south_america,geoglows,Northwest_Coast,9003734
25027270,FLORES LAS,CAUCA,8.100416667,-74.77125,131847,131847,131847,56257.16,59169.37,95.07817981,9616.520217,south_america,geoglows,Northwest_Coast,9003786
16037030,PTE SARDINATA,SARDINATA,8.103750005,-72.79472149,131857,131857,131857,163.05,167.25,97.48878924,13036.85687,south_america,geoglows,Northwest_Coast,9003933
25027050,MARGENTO,CAUCA,8.035432122,-74.95043425,131959,131959,131959,41391.38,43770.64,94.56425586,31958.3609,south_america,geoglows,Northwest_Coast,9003936
16027280,ASTILLEROS,ZULIA,8.10375,-72.57541667,131917,131917,131917,2654.81,2903.56,91.43293061,26944.4491,south_america,geoglows,Northwest_Coast,9003937
25017010,MONTELIBANO AUTOMA,SAN JORGE,7.98875,-75.41875,131977,131977,131977,3955.18,4203.82,94.08537949,8732.012195,south_america,geoglows,Northwest_Coast,9003998
27037010,ESPERANZA LA,NECHI,8.031945338,-74.78708333,131952,131952,131952,14418.22,15106.02,95.44684834,17499.01947,south_america,geoglows,Northwest_Coast,9004014
26247020,COQUERA LA,CAUCA,7.962076792,-75.19542323,131959,131959,131959,40900.89,43770.64,93.44366452,26672.17301,south_america,geoglows,Northwest_Coast,9004026
16047010,PTE ABREGO,TARRA,8.04429339,-73.08179338,131997,131997,131997,367.41,961.64,38.20660538,68692.52699,south_america,geoglows,Northwest_Coast,9004198
16027100,CORNEJO,PERALONSO,7.909583334,-72.63041667,132096,132096,132096,459.89,494.01,93.09325722,25932.05241,south_america,geoglows,Northwest_Coast,9004228
25017020,SAN PEDRO AUTOMATI,SAN PEDRO,7.850416667,-75.70458333,132132,132132,132132,412.17,733.21,56.21445425,38645.62923,south_america,geoglows,Northwest_Coast,9004322
23187280,SITIO NUEVO R-11,MAGDALENA,7.783724512,-73.80375,132141,132141,132141,119365.97,124384.28,95.96547892,10258.76117,south_america,geoglows,Northwest_Coast,9004355
16027010,POMARROSOS LOS,SALAZAR,7.776198268,-72.81956982,132130,132130,132130,101.47,233.85,43.39106265,20213.45971,south_america,geoglows,Northwest_Coast,9004396
26247010,PALMIRA HDA,MAN,7.78875,-75.38291667,132169,132169,132169,333.16,705.01,47.25606729,41096.80769,south_america,geoglows,Northwest_Coast,9004417
12017010,CHIGORODO,CHIGORODO,7.677083334,-76.67875,132242,132242,132242,204.77,289.78,70.66395196,22113.02683,south_america,geoglows,Northwest_Coast,9004593
12017020,BARRANQUILLITA,LEON,7.570435776,-76.71293576,132466,132466,132466,664.05,1005.5,66.04177026,32817.18274,south_america,geoglows,Northwest_Coast,9004765
23197370,SAN RAFAEL,LEBRIJA,7.57375,-73.56208333,132386,132386,132386,4522.36,4815.48,93.91296402,37846.35627,south_america,geoglows,Northwest_Coast,9004839
26247050,CAMELIAS LAS,TARAZA,7.582083333,-75.41875,132410,132410,132410,957.88,1065.83,89.87174315,24057.42443,south_america,geoglows,Northwest_Coast,9004879
23207040,SAN PABLO AUTOMATI,MAGDALENA,7.48138222,-73.91375,132413,132413,132413,118016.67,122987.63,95.95816262,6207.936233,south_america,geoglows,Northwest_Coast,9004917
27037020,RETIRO EL,TIGUI,7.562083333,-74.80458333,132418,132418,132418,2528.72,2668.22,94.77179543,19521.50113,south_america,geoglows,Northwest_Coast,9004934
16017030,UCHEMA LA AUTOMATI,TACHIRA,7.694583334,-72.47291667,132373,132373,132373,339.69,736.9,46.09716379,47387.30539,south_america,geoglows,Northwest_Coast,9004935
26247030,APAVI,CAUCA,7.471437371,-75.32708333,132556,132556,132556,37937.12,39993.49,94.85823818,16841.20732,south_america,geoglows,Northwest_Coast,9004963
27037030,SAN JUAN,NECHI,7.477083334,-74.92041667,132431,132431,132431,8249.66,8980.05,91.86652636,6726.496276,south_america,geoglows,Northwest_Coast,9004968
16017020,DONJUANA LA AUTOMA,PAMPLONITA,7.687916667,-72.60541667,132433,132433,132433,423.27,904.94,46.77326674,38799.16986,south_america,geoglows,Northwest_Coast,9005068
16027300,PTE CAPIRA AUTOMAT,ZULIA,7.537220518,-72.7703861,132493,132493,132493,390.94,400.39,97.63980119,33607.16052,south_america,geoglows,Northwest_Coast,9005222
26237040,PTO VALDIVIA AUTOM,CAUCA,7.287916669,-75.39633789,132592,132592,132592,37322.1,39299.66,94.96799718,7844.325207,south_america,geoglows,Northwest_Coast,9005322
37017050,VENAGA,CHITAGA,7.227479333,-72.44541667,132624,132624,132624,1569.8,1613.43,97.29582318,7181.093712,south_america,geoglows,Orinoco_River,9005394
23197130,PTE SARDINAS,SANTA CRUZ,7.290498869,-73.14166999,132629,132629,132629,169.61,255.38,66.41475448,18663.74728,south_america,geoglows,Northwest_Coast,9005397
11117040,MUTATA,RIOSUCIO,7.23125,-76.43875,132745,132745,132745,3336.2,3518.18,94.82743919,6257.30216,south_america,geoglows,Northwest_Coast,9005438
24067020,PTE SOGAMOSO,SOGAMOSO,7.24375,-73.78791667,132669,132669,132669,22218.63,23180.66,95.84985932,38394.70063,south_america,geoglows,Northwest_Coast,9005439
37017040,PTE LOPEZ,CHITAGA,7.203840993,-72.63543467,132647,132647,132647,847.05,1163.12,72.82567577,9168.446139,south_america,geoglows,Orinoco_River,9005444
37027010,PENA DE LOS MICOS,MARGUA,7.197083333,-72.42458333,132760,132760,132760,2578.48,3315.93,77.76038698,20115.80545,south_america,geoglows,Orinoco_River,9005460
23197290,CAFE MADRID,LEBRIJA,7.167916667,-73.14541667,132658,132658,132658,1264.48,1347.48,93.84035385,6805.462676,south_america,geoglows,Northwest_Coast,9005476
23197700,MAJADAS,SURATA,7.160407006,-73.09292633,132671,132671,132671,474.29,488.21,97.14876795,20672.59264,south_america,geoglows,Northwest_Coast,9005496
26237050,PTE PESCADERO,CAUCA,7.087916679,-75.69401718,132748,132748,132748,35332.2,37212.85,94.94623497,10478.34516,south_america,geoglows,Northwest_Coast,9005677
37057020,ALCARABAN EL AUTOM,ARAUCA,7.036250001,-71.41541667,132852,132852,132852,9227.33,9757.09,94.57051232,18018.71924,south_america,geoglows,Orinoco_River,9005767
11117050,DABEIBA 2,RIOSUCIO,7.004583334,-76.26541667,132809,132809,132809,1965.77,2368.89,82.98274719,26342.90384,south_america,geoglows,Northwest_Coast,9005808
37057060,PTE INTERNACIONAL,ARAUCA,7.092083333,-70.74291667,132853,132853,132853,11441.2,12151.82,94.15215169,57148.63116,south_america,geoglows,Orinoco_River,9005832
37037010,PASO DE LA CANOA,COBUGON,7.035416667,-72.15291667,132825,132825,132825,1502.12,1565.61,95.94471165,26288.12882,south_america,geoglows,Orinoco_River,9005839
23197690,PALOGORDO AUTOMATI,RIO DE ORO,6.96375,-73.13375,132841,132841,132841,218.12,590.14,36.96072119,37359.85753,south_america,geoglows,Northwest_Coast,9005867
23167010,PENAS BLANCAS,MAGDALENA,6.952083334,-73.94791667,132851,132851,132851,88359.63,92349.21,95.67989807,6689.933413,south_america,geoglows,Northwest_Coast,9005895
27027060,BRISAS DEL NECHI,NECHI,6.939583334,-75.38125,132864,132864,132864,239.58,306.18,78.24808936,31473.7266,south_america,geoglows,Northwest_Coast,9006033
23147040,AYACUCHO,LA COLORADA,6.858745964,-73.76791261,132929,132929,132929,1471.78,1682.29,87.48669968,26508.86205,south_america,geoglows,Northwest_Coast,9006076
26237110,CEDRAL EL,SAN ANDRES,6.881142621,-75.67197593,132903,132903,132903,158.59,519.14,30.54859961,25940.24744,south_america,geoglows,Northwest_Coast,9006089
11117010,A#IL EL,RIOSUCIO,6.882083333,-76.15541667,132934,132934,132934,715.04,760.25,94.05327195,9181.917893,south_america,geoglows,Northwest_Coast,9006094
23107040,VEGACHI,VOLCAN,6.772916666,-74.79708333,133028,133028,133028,303.57,437.72,69.35255414,37191.24704,south_america,geoglows,Northwest_Coast,9006276
24037360,JORDAN EL,CHICAMOCHA,6.733750007,-73.09663055,133046,133046,133046,9457.23,9874.26,95.7765949,20210.12929,south_america,geoglows,Northwest_Coast,9006346
23147020,PTE FERROCARRIL,OPON,6.77125,-73.94291667,133190,133190,133190,1746.48,2129.87,81.99937085,10961.06567,south_america,geoglows,Northwest_Coast,9006357
23107020,BODEGA LA,REGLA,6.70375,-74.39791667,133136,133136,133136,2410.41,2768.34,87.07059104,25496.82747,south_america,geoglows,Northwest_Coast,9006475
23107030,MASCOTA LA,SAN BARTOLOME,6.640416667,-74.87541667,133111,133111,133111,298.81,612.18,48.81080728,12873.50668,south_america,geoglows,Northwest_Coast,9006507
23127050,BARREDERO FCA,CARARE,6.645577383,-74.06541667,133140,133140,133140,6458.06,6864.67,94.07677281,36862.89755,south_america,geoglows,Northwest_Coast,9006586
11077010,BELLAVISTA,ATRATO,6.569583333,-76.89041667,133166,133166,133166,15511.72,16471.24,94.17457338,8101.137362,south_america,geoglows,Northwest_Coast,9006648
26237100,OLAYA,CAUCA,6.644624901,-75.82629154,133199,133199,133199,33887.87,36586.89,92.62298599,15608.39619,south_america,geoglows,Northwest_Coast,9006698
26217010,GALERA LA,TONUSCO,6.555416666,-75.86375,133206,133206,133206,316.85,410.05,77.2710645,11300.89904,south_america,geoglows,Northwest_Coast,9006721
24027010,SAN GIL,FONCE,6.547916667,-73.12708333,133232,133232,133232,2084.96,2148.1,97.06065826,8442.662865,south_america,geoglows,Northwest_Coast,9006771
24027040,PTE CABRA,MOGOTICOS,6.529583333,-73.00875,133237,133237,133237,182.21,275.3,66.18597893,12793.79481,south_america,geoglows,Northwest_Coast,9006779
23097030,PTO BERRIO AUTOMAT,MAGDALENA,6.486221662,-74.39954057,133243,133243,133243,74646.4,78402.45,95.20926961,7877.813856,south_america,geoglows,Northwest_Coast,9006790
26237020,PENALTA,AURRA,6.462083334,-75.75791667,133264,133264,133264,191.92,249.17,77.02371875,21552.94457,south_america,geoglows,Northwest_Coast,9006831
24037390,CAPITANEJO,CHICAMOCHA,6.51375,-72.69291667,133269,133269,133269,6229.34,6488.57,96.00482079,19917.65064,south_america,geoglows,Northwest_Coast,9006835
24037380,SAN LUIS,NEVADO,6.460416669,-72.43116332,133267,133267,133267,224.23,261.64,85.70172757,12337.66084,south_america,geoglows,Northwest_Coast,9006838
24037040,GUICAN,NEVADO,6.46125,-72.42208333,133267,133267,133267,157.33,261.64,60.13224278,12337.66084,south_america,geoglows,Northwest_Coast,9006838
24037490,PTE TOTUMO,NEVADO,6.437916667,-72.63708333,133274,133274,133274,1076.41,1111.33,96.85781901,7063.470216,south_america,geoglows,Northwest_Coast,9006848
24017640,CEIBA LA,SUAREZ,6.448750756,-73.30708258,133372,133372,133372,6986.52,7251.61,96.344398,6310.280145,south_america,geoglows,Northwest_Coast,9006851
24027060,PTE ARCO,MONCHIA,6.478771059,-73.07377106,133260,133260,133260,165.91,170.99,97.02906603,14873.01716,south_america,geoglows,Northwest_Coast,9006858
23127020,PTO ARAUJO AUTOMAT,CARARE,6.525573768,-74.08541667,133427,133427,133427,5356.29,5695.44,94.04523619,23546.92968,south_america,geoglows,Northwest_Coast,9006893
26217050,CA#AFISTO,CAUCA,6.418004381,-75.81791666,133302,133302,133302,32589.98,34403.31,94.72919902,11137.62849,south_america,geoglows,Northwest_Coast,9006926
23087160,CARAMANTA,NUS,6.507916669,-74.86520781,133442,133442,133442,305.31,876.63,34.82769241,54977.03197,south_america,geoglows,Northwest_Coast,9006931
23087180,SIRPES LOS,QDA LA CONCEPCION,6.37457555,-75.15964377,133428,133428,133428,119.57,831.76,14.37554102,48063.55361,south_america,geoglows,Northwest_Coast,9006988
24037370,MOMPA IZQUIERDO,ONZAGA,6.397946784,-72.81705322,133342,133342,133342,346.41,496.26,69.80413493,26037.79166,south_america,geoglows,Northwest_Coast,9007025
24027070,MERIDA,FONCE,6.44375,-73.15375,133393,133393,133393,1552.32,1655.79,93.75101915,26105.69271,south_america,geoglows,Northwest_Coast,9007134
36027050,CRAVO NORTE,CASANARE,6.294534066,-70.19453406,133403,133403,133403,13925.96,14811.75,94.01968032,6347.28017,south_america,geoglows,Orinoco_River,9007159
24027050,PTE LLANO,TAQUIZA,6.285395149,-73.12625,133412,133412,133412,605.5,715.4,84.63796478,3973.220148,south_america,geoglows,Northwest_Coast,9007182
11077020,MAGDALENA LA,PENDERISCO,6.29875,-76.13541667,133421,133421,133421,600.59,684.47,87.74526276,10452.47529,south_america,geoglows,Northwest_Coast,9007202
23127060,STA ROSA,CARARE,6.292916666,-74.09958333,133427,133427,133427,4901.23,5695.44,86.0553355,26071.64903,south_america,geoglows,Northwest_Coast,9007238
11057020,SAN ANTONIO PADUA,ATRATO,6.284583405,-76.76232431,133439,133439,133439,10475.25,11423.84,91.69639981,12414.33346,south_america,geoglows,Northwest_Coast,9007254
23087210,CANTERAS,NARE,6.280416667,-74.67708333,133441,133441,133441,4708.93,4941.68,95.2900633,17156.03674,south_america,geoglows,Northwest_Coast,9007255
23097040,PTO INMARCO,MAGDALENA,6.221249158,-74.5687594,133455,133455,133455,73095.18,76536.8,95.50331344,7260.709531,south_america,geoglows,Northwest_Coast,9007292
23087670,RIOTEX,QDA LA MOSCA,6.182083333,-75.36625,133492,133492,133492,152.76,160.21,95.34985332,14173.98192,south_america,geoglows,Northwest_Coast,9007356
35257020,PATEVACAL,META,6.18041241,-69.13208772,133600,133600,133600,102184.64,105031.11,97.28987916,20573.81327,south_america,geoglows,Orinoco_River,9007373
35257040,ACEITICO,META,6.187083794,-68.44068101,133525,133525,133525,105820.91,108668.93,97.37917729,16802.95089,south_america,geoglows,Orinoco_River,9007379
23087660,PTE LA FERIA,MARINILLA,6.172128473,-75.33786066,133493,133493,133493,75.96,1626.41,4.67040906,5687.462538,south_america,geoglows,Northwest_Coast,9007382
23087260,COLTEPUNTO RNS 19,QDA LA CIMARRONA,6.170416667,-75.36708333,133562,133562,133562,462.61,545.95,84.73486583,4233.359964,south_america,geoglows,Northwest_Coast,9007415
24017580,JUSTO PASTOR GOMEZ,OIBITA,6.23375,-73.30791667,133523,133523,133523,324.95,616.78,52.68491196,20283.74926,south_america,geoglows,Northwest_Coast,9007432
24027030,NEMIZAQUE,PIENTA,6.229583333,-73.17125,133526,133526,133526,623.43,721.7,86.38353887,29547.37579,south_america,geoglows,Northwest_Coast,9007442
24017570,SAN BENITO,SUAREZ,6.118738424,-73.49292825,133543,133543,133543,5324.18,5594.18,95.17355537,8223.178604,south_america,geoglows,Northwest_Coast,9007475
23077020,PTE FERROCARRIL,COCORNA,6.027916667,-74.63791667,133653,133653,133653,759.08,834.65,90.94590547,29002.16049,south_america,geoglows,Northwest_Coast,9007721
24037410,PTE COLORADO,MINAS,6.014583333,-72.80541667,133661,133661,133661,255.33,262.97,97.09472563,19508.21103,south_america,geoglows,Northwest_Coast,9007770
26207080,BOLOMBOLO,CAUCA,5.96625,-75.84208333,133694,133694,133694,30878.81,32549.46,94.86734957,6986.316419,south_america,geoglows,Northwest_Coast,9007779
23087190,GARRUCHA LA,SAMANA NORTE,5.998682854,-74.93875,133722,133722,133722,1509.28,2022.1,74.63923644,15196.9587,south_america,geoglows,Northwest_Coast,9007823
23087200,PAILANIA,STO DOMINGO,5.974583333,-75.11708333,133723,133723,133723,180.24,351.11,51.33433967,25289.99284,south_america,geoglows,Northwest_Coast,9007825
24037510,PAZ DE RIO,CHICAMOCHA,5.984583334,-72.74708334,133810,133810,133810,2934.36,3023.71,97.04502085,9068.594369,south_america,geoglows,Northwest_Coast,9007832
36017010,PAZ DE ARIPORO,ARIPORO,5.907083333,-71.90125,133791,133791,133791,517.58,1456.54,35.53489777,26848.93911,south_america,geoglows,Orinoco_River,9007894
24017590,PTE NACIONAL,SUAREZ,5.872916666,-73.67791667,133761,133761,133761,2258.4,2553.41,88.44643046,6034.604252,south_america,geoglows,Northwest_Coast,9007998
38017030,RONCADOR,ORINOCO,5.857083333,-67.57375,133765,133765,133765,344496.51,344675.48,99.9480758,2028.013193,south_america,geoglows,Orinoco_River,9008008
26197030,REMOLINO EL,SAN JUAN,5.85625,-75.91458333,133766,133766,133766,1116.22,1205.93,92.56092808,7093.284627,south_america,geoglows,Northwest_Coast,9008017
11047030,NEGUA,NEGUA,5.830665561,-76.61875,133802,133802,133802,419.59,446.67,93.93735868,40260.43842,south_america,geoglows,Northwest_Coast,9008110
26207030,PTE IGLESIAS,CAUCA,5.827916697,-75.70551345,133824,133824,133824,28893.69,30927.04,93.42533265,14571.6044,south_america,geoglows,Northwest_Coast,9008180
24037290,PTE CHAMEZA,CHICAMOCHA,5.76041672,-72.90652585,133847,133847,133847,2134.17,2348.51,90.87336226,11508.24728,south_america,geoglows,Northwest_Coast,9008223
11027030,SIETE EL,ATRATO,5.862083974,-76.1520827,133848,133848,133848,192.4,327.36,58.77321603,27500.5363,south_america,geoglows,Northwest_Coast,9008224
24037190,SAN RAFAEL,CHICAMOCHA,5.80875,-73.01375,133888,133888,133888,1452.75,1599.41,90.8303687,14945.54803,south_america,geoglows,Northwest_Coast,9008234
24037130,REFORMA LA,CHICAMOCHA,5.74875,-73.18958333,133888,133888,133888,1010.04,1599.41,63.15078685,13355.07572,south_america,geoglows,Northwest_Coast,9008238
11047010,BELEN,ATRATO,5.764830387,-76.67041667,133872,133872,133872,5414.43,5769.03,93.8533861,13514.95547,south_america,geoglows,Northwest_Coast,9008283
23067040,PTO LIBRE,NEGRO,5.742917751,-74.62708225,133877,133877,133877,4572.4,4768.66,95.88437842,27980.43545,south_america,geoglows,Northwest_Coast,9008290
23057140,SAN MIGUEL,LA MIEL,5.732083333,-74.72541667,133892,133892,133892,2334.87,2515.17,92.83149847,19978.87413,south_america,geoglows,Northwest_Coast,9008331
24017600,MONIQUIRA,MONIQUIRA,5.879583333,-73.56958333,133905,133905,133905,1161.7,1230.12,94.43794101,37944.91198,south_america,geoglows,Northwest_Coast,9008365
24017740,PTE CHACON,CANE,5.67875,-73.54291667,133917,133917,133917,191.76,211.76,90.55534567,15487.26888,south_america,geoglows,Northwest_Coast,9008396
35267080,AGUAVERDE,META,5.794601992,-69.98956471,133927,133927,133927,76158.82,78440.11,97.09167924,27705.22492,south_america,geoglows,Orinoco_River,9008408
26187040,QUITASUENO,ARMA,5.712916667,-75.54041667,133929,133929,133929,1038.04,1091.81,95.07515044,22691.20002,south_america,geoglows,Northwest_Coast,9008413
24037030,PALO EL,TUTA,5.668808114,-73.22041667,134001,134001,134001,372.63,457.38,81.47054965,15062.45859,south_america,geoglows,Northwest_Coast,9008503
26197010,CAMPAMENTO,SAN JUAN,5.682973677,-75.87458333,133984,133984,133984,464.91,889.45,52.26937995,12836.78834,south_america,geoglows,Northwest_Coast,9008509
23127010,BORBUR,MINERO,5.650416666,-74.06291667,133997,133997,133997,1576.51,1834.3,85.94613749,8018.594752,south_america,geoglows,Northwest_Coast,9008546
24017830,SUTAMARCHAN,SUTAMARCHAN,5.620416667,-73.61125,134026,134026,134026,330.63,400.88,82.47605268,15641.45558,south_america,geoglows,Northwest_Coast,9008596
11037030,LOMA LA PUEBLO NUE,QUITO,5.58625,-76.74958333,134015,134015,134015,1480.63,1752.88,84.46841769,24541.82088,south_america,geoglows,Northwest_Coast,9008618
35237010,PTE NONATO,PAUTO,5.667083333,-72.08791667,134030,134030,134030,1116.64,1189.4,93.8826299,31528.37329,south_america,geoglows,Orinoco_River,9008646
24037090,SAN RAFAEL,CHULO,5.708755418,-73.24124459,134009,134009,134009,394.66,413.57,95.42761806,29845.34927,south_america,geoglows,Northwest_Coast,9008665
24017620,INFIERNO EL,GACHANECA,5.589583334,-73.51291667,134022,134022,134022,171.9,328.88,52.26830455,20989.95507,south_america,geoglows,Northwest_Coast,9008667
26187110,PINTADA LA,CAUCA,5.732916667,-75.59875,134044,134044,134044,26394.33,27819.23,94.87800345,26716.89778,south_america,geoglows,Northwest_Coast,9008680
24037120,VEGA LA,IZA,5.588759442,-72.98376393,133956,133956,133956,100.41,165.28,60.75145208,15347.93735,south_america,geoglows,Northwest_Coast,9008694
24037080,GRUTA LA,PESCA,5.567941772,-73.04628622,133969,133969,133969,103.82,176.86,58.70179803,17840.9683,south_america,geoglows,Northwest_Coast,9008715
11027050,GINDRAMA,ATRATO,5.52125,-76.51791667,134104,134104,134104,1633.71,1739.2,93.93456762,7289.664478,south_america,geoglows,Northwest_Coast,9008810
23067020,COLORADOS,NEGRO,5.469583334,-74.59291667,134370,134370,134370,3115.45,3286.35,94.7997018,18742.19577,south_america,geoglows,Northwest_Coast,9008960
23037010,PTO SALGAR,MAGDALENA,5.469583334,-74.66208333,134286,134286,134286,56491.56,59191.37,95.43884522,17501.93736,south_america,geoglows,Northwest_Coast,9009027
11017010,AGUASAL,ANDAGUEDA,5.474600417,-76.53789958,134191,134191,134191,891.35,915.28,97.38549952,56616.66156,south_america,geoglows,Northwest_Coast,9009049
35217040,PTE CARRETERA,QDA LA NIATA,5.404517781,-72.33376143,134194,134194,134194,105.49,154.73,68.17682415,13721.41661,south_america,geoglows,Orinoco_River,9009056
26177010,PTE CARRETERA,SUPIA,5.45203457,-75.65386254,134203,134203,134203,148.36,272.85,54.37419828,18159.59011,south_america,geoglows,Northwest_Coast,9009083
11037020,PTE CERTEGUI,QUITO,5.374583334,-76.61458333,134208,134208,134208,260.61,375.65,69.3757487,15955.31141,south_america,geoglows,Northwest_Coast,9009090
35217060,PLAYON EL,TOCARIA,5.54375,-72.23541667,134226,134226,134226,1391.81,1501.96,92.66624943,29021.7016,south_america,geoglows,Orinoco_River,9009130
35217010,PTE YOPAL,CRAVO SUR,5.371250489,-72.41458382,134231,134231,134231,1098.85,1155.76,95.07596733,51898.20182,south_america,geoglows,Orinoco_River,9009133
26167090,COSTA AZUL,CHAMBERI,5.35625,-75.49291667,134228,134228,134228,208.79,527.83,39.55629654,25863.423,south_america,geoglows,Northwest_Coast,9009169
24017610,BOQUERON,LENGUAZAQUE,5.328744324,-73.69957766,134317,134317,134317,252.14,318.48,79.16980658,19043.07985,south_america,geoglows,Northwest_Coast,9009213
24017150,BOYERA LA,UBATE,5.262567578,-73.92626636,134271,134271,134271,174.66,245.7,71.08669109,17723.88601,south_america,geoglows,Northwest_Coast,9009238
35077090,PTE ADRIANA,JENESANO,5.38375,-73.36125,134291,134291,134291,362.98,502.83,72.18741921,17004.52113,south_america,geoglows,Orinoco_River,9009276
35197190,PAJARITO AUTOMATIC,CUSIANA,5.28375,-72.70041667,134383,134383,134383,507.85,733.76,69.21200393,49709.72682,south_america,geoglows,Orinoco_River,9009300
35197020,VADO HONDO,CUSIANA,5.507967612,-72.75460384,134383,134383,134383,209.57,733.76,28.5611099,49709.72682,south_america,geoglows,Orinoco_River,9009300
26167070,IRRA,CAUCA,5.26875,-75.66541667,134437,134437,134437,24522.66,25855.72,94.84423563,4502.435813,south_america,geoglows,Northwest_Coast,9009364
35267030,STA MARIA,META,5.271236331,-70.70626368,134450,134450,134450,63969.79,65861.24,97.12812878,7592.32423,south_america,geoglows,Orinoco_River,9009367
26147080,GUARACAS,GUATICA,5.277755089,-75.82708333,134343,134343,134343,163.72,185.34,88.33495198,22963.78502,south_america,geoglows,Northwest_Coast,9009403
23027060,PTE CARRETERA,GUARINO,5.28875,-74.74541667,134423,134423,134423,848.66,889.96,95.35934199,53126.14297,south_america,geoglows,Northwest_Coast,9009419
26167060,PAILA LA,TAPIAS,5.232916667,-75.64458333,134349,134349,134349,189.49,351.56,53.89976107,7459.487333,south_america,geoglows,Northwest_Coast,9009429
23017060,PTE CARRETERA,SUCIO,5.228851789,-74.89060845,134520,134520,134520,88.67,824.11,10.75948599,6437.966972,south_america,geoglows,Northwest_Coast,9009442
35197040,PTE CHARTE,CHARTE,5.256273442,-72.48460677,134834,134834,134834,326.24,992.64,32.86589297,19785.81732,south_america,geoglows,Orinoco_River,9009465
23017090,PTE VARIANTE,GUALI,5.202916667,-74.74875,134520,134520,134520,786.52,824.11,95.43871571,23867.04832,south_america,geoglows,Northwest_Coast,9009481
23067050,GUADUERO,NEGRO,5.192083335,-74.57299788,134380,134380,134380,2541.6,2645.72,96.06458733,10283.99726,south_america,geoglows,Northwest_Coast,9009521
23067080,CHARCO LARGO,NEGRO,5.25625,-74.34625,134429,134429,134429,712.28,820.53,86.80730747,16029.58995,south_america,geoglows,Northwest_Coast,9009627
21237020,ARRANCAPLUMAS,MAGDALENA,5.202083339,-74.72593226,134439,134439,134439,54322.67,57023.56,95.26355422,10229.21703,south_america,geoglows,Northwest_Coast,9009660
23067060,TOBIA,NEGRO,5.12625,-74.44708333,134457,134457,134457,1117.42,1161.91,96.17095989,9761.690126,south_america,geoglows,Northwest_Coast,9009696
26157020,RETIRO EL,CHINCHINA,5.126515286,-75.67208333,134472,134472,134472,1045.41,1097.89,95.21992185,5487.925338,south_america,geoglows,Northwest_Coast,9009728
54017030,ISTMINA AUTOMATICA,SAN JUAN,5.155416667,-76.68291667,134482,134482,134482,2004.41,2170.95,92.32870402,30668.25698,south_america,geoglows,Northwest_Coast,9009742
54027020,BOCAS DE IRO,CONDOTO,5.105416668,-76.68302536,134483,134483,134483,598.76,636.78,94.02933509,2878.370952,south_america,geoglows,Northwest_Coast,9009743
26157100,SAN GABRIEL,GUACAICA,5.11875,-75.56541667,134488,134488,134488,304.86,352.51,86.48265297,39465.53762,south_america,geoglows,Northwest_Coast,9009757
23017040,ESPERANZA LA,GUALI,5.20286659,-74.90449545,134520,134520,134520,461.74,824.11,56.02892818,39065.31854,south_america,geoglows,Northwest_Coast,9009758
35077120,CARACOL EL,GARAGOA,5.057083334,-73.38958333,134555,134555,134555,1412.78,1481.14,95.38463616,6594.691517,south_america,geoglows,Orinoco_River,9009931
21257070,PTE SAN FRANCISCO,SABANDIJA,5.020416666,-74.89041667,134557,134557,134557,339.03,546.53,62.03319123,26115.14929,south_america,geoglows,Northwest_Coast,9009936
35077140,BARBOSA TERMALES,MACHETA,5.049548813,-73.52706918,134598,134598,134598,373.66,718.48,52.00701481,10648.77943,south_america,geoglows,Orinoco_River,9009959
35197030,ESTEROS LOS,UNETE,5.179583333,-72.56791667,134754,134754,134754,248.3,814.15,30.49806547,36663.98699,south_america,geoglows,Orinoco_River,9009976
23067070,VILLETA,VILLETA,5.009583334,-74.46791667,134702,134702,134702,435.62,501.7,86.82878214,11559.48366,south_america,geoglows,Northwest_Coast,9009999
26147140,PTE NEGRO,RISARALDA,4.987916667,-75.87125,134616,134616,134616,817.1,899.17,90.87269371,40502.57345,south_america,geoglows,Northwest_Coast,9010077
26147130,BRETANA LA,MAPA,5.05291667,-75.94665487,134618,134618,134618,234.85,296.11,79.31174226,19540.09273,south_america,geoglows,Northwest_Coast,9010082
38027020,PTO NARI#O,ORINOCO,4.954583335,-67.82875,134632,134632,134632,292837.79,292811.41,100.0090092,15847.07022,south_america,geoglows,Orinoco_River,9010111
54027040,MAMPI,TAMANA,4.947916667,-76.59125,134660,134660,134660,1815.94,2034.8,89.24415176,56131.50557,south_america,geoglows,Northwest_Coast,9010153
35087040,CEDROS LOS,TUNJITA,5.017916667,-73.21708333,134672,134672,134672,213.93,315.25,67.86042823,27858.23185,south_america,geoglows,Orinoco_River,9010184
35087020,PAEZ,LENGUPA,5.08125,-73.06791667,134673,134673,134673,1037.72,1326.24,78.24526481,47355.30875,south_america,geoglows,Orinoco_River,9010185
26157190,RIOCLARO,CLARO,4.902151847,-75.45125868,134655,134655,134655,76.07,254.34,29.90878352,21182.71883,south_america,geoglows,Northwest_Coast,9010195
26157200,SIETECUERALES,CLARO,4.861308819,-75.38289593,134655,134655,134655,19.16,254.34,7.533223244,21182.71883,south_america,geoglows,Northwest_Coast,9010195
21257120,PTE GATO NEGRO,LAGUNILLA,4.940415531,-75.08958447,134647,134647,134647,175.79,194.82,90.23200903,17547.22135,south_america,geoglows,Northwest_Coast,9010208
26177030,VIRGINIA LA,CAUCA,4.892916666,-75.88041667,134706,134706,134706,20536.87,21668.73,94.77652821,5218.28152,south_america,geoglows,Northwest_Coast,9010239
35097090,REVENTONERA LA,UPIA,4.904583334,-73.04708333,134756,134756,134756,1129.88,1392.49,81.14097767,13609.51771,south_america,geoglows,Orinoco_River,9010244
35227090,PTE CARRETERA,CNO DUYA,4.90625,-71.42708333,134721,134721,134721,760.64,1070.02,71.08652175,56607.63259,south_america,geoglows,Orinoco_River,9010283
26137230,PLANTA ELECTRICA,SAN EUGENIO,4.858705544,-75.61124623,134674,134674,134674,62.45,452.57,13.79897033,17692.30776,south_america,geoglows,Northwest_Coast,9010297
21257090,ESMERALDA LA,LAGUNILLA,4.892083334,-74.85458333,134742,134742,134742,203.31,347.03,58.58571305,26256.26267,south_america,geoglows,Northwest_Coast,9010327
33077010,STA RITA,VICHADA,4.865443517,-68.36038983,134821,134821,134821,25705.56,26272.23,97.84308374,25988.28415,south_america,geoglows,Orinoco_River,9010348
35087010,SAN AGUSTIN,LENGUPA,4.859583333,-73.23291667,134764,134764,134764,1635.24,1918.15,85.25089279,32034.19112,south_america,geoglows,Orinoco_River,9010391
35067130,MUNDO NUEVO,RUCIO,4.852902621,-73.39206542,134892,134892,134892,38.51,1923.38,2.002204453,4702.310632,south_america,geoglows,Orinoco_River,9010413
26107110,ANACARO,CAUCA,4.782916667,-75.95875,135334,135334,135334,17182.05,18329.99,93.73736701,4078.571616,south_america,geoglows,Northwest_Coast,9010476
26127040,CARTAGO,LA VIEJA,4.757087806,-75.9004122,134824,134824,134824,2777.18,2971.09,93.47343904,17987.43858,south_america,geoglows,Northwest_Coast,9010517
54027030,SALADO EL,SAN JUAN,4.872916667,-76.86458333,134831,134831,134831,5265.48,5683.91,92.63834227,16110.62436,south_america,geoglows,Northwest_Coast,9010528
35197180,MANI,CUSIANA,4.814872267,-72.29070558,134833,134833,134833,3056.41,3191.72,95.76059304,14677.55728,south_america,geoglows,Orinoco_River,9010531
21257100,NUEVA LA,RECIO,4.794583333,-74.97041667,134847,134847,134847,645.76,755.99,85.4191193,36158.60321,south_america,geoglows,Northwest_Coast,9010560
26137110,BANANERA LA 6-909,OTUN,4.77375,-75.63375,134913,134913,134913,283.96,516.03,55.02780846,61707.01356,south_america,geoglows,Northwest_Coast,9010683
35217020,ESTACION LA,CRAVO SUR,4.692916667,-73.56291667,135002,135002,135002,449.9,489.03,91.9984459,12827.27965,south_america,geoglows,Orinoco_River,9010817
21237040,CORRALITOS,SECO,4.646250124,-74.65958356,135089,135089,135089,246.3,630.8,39.04565631,19815.86912,south_america,geoglows,Northwest_Coast,9010825
21247050,BOCATOMA,TOTARE RIO,4.692062698,-74.95791046,134990,134990,134990,411.98,465.06,88.58641896,65084.08672,south_america,geoglows,Northwest_Coast,9010855
54057010,NOANAMA ASERRIO,SAN JUAN,4.672949326,-76.93371735,135013,135013,135013,9352.8,9942.42,94.06965306,10692.79567,south_america,geoglows,Northwest_Coast,9010920
35107040,GUAICARAMO,UPIA,4.68875,-73.04541667,135343,135343,135343,8243.58,9046.39,91.12563133,22426.11862,south_america,geoglows,Orinoco_River,9010947
26107070,LA_VICTORIA,CAUCA,4.527916667,-76.06041667,135334,135334,135334,16308.87,18329.99,88.97369829,9908.876717,south_america,geoglows,Northwest_Coast,9011157
21227010,PIEDRAS,OPIA,4.53625,-74.87791667,135149,135149,135149,301.99,338.05,89.33293891,22785.24104,south_america,geoglows,Northwest_Coast,9011229
21207960,PTE PORTILLO,BOGOTA,4.454583334,-74.60875,135366,135366,135366,5397.31,6134.83,87.97815098,8871.496218,south_america,geoglows,Northwest_Coast,9011280
26127010,ALAMBRADO EL AUTOM,LA VIEJA,4.410416667,-75.87541667,135231,135231,135231,1660.44,1803.28,92.07887849,10053.60133,south_america,geoglows,Northwest_Coast,9011402
21217120,PTE CARRETERA,COELLO,4.403234101,-75.29028362,135240,135240,135240,794.94,833.69,95.35198935,10964.37035,south_america,geoglows,Northwest_Coast,9011419
26107060,GUAYABAL,CAUCA,4.401159612,-76.11717373,135334,135334,135334,15966.94,18329.99,87.10828538,6359.629113,south_america,geoglows,Northwest_Coast,9011424
21197110,SILVANIA,SUBIA,4.403079245,-74.38362039,135391,135391,135391,157.49,494.27,31.86315172,11263.45347,south_america,geoglows,Northwest_Coast,9011432
35027100,CARAZA,UNE,4.429583337,-74.01022944,135255,135255,135255,194.25,306.3,63.41821743,18908.04988,south_america,geoglows,Orinoco_River,9011439
21217270,CHUZO EL,ANAIME,4.407916667,-75.43125,135274,135274,135274,260.21,439.72,59.17629401,22753.28834,south_america,geoglows,Northwest_Coast,9011607
21217180,MONTEZUMA,COMBEIMA,4.482084216,-75.28625,135332,135332,135332,166,293.55,56.54913984,41116.74079,south_america,geoglows,Northwest_Coast,9011626
35117010,HUMAPO,META,4.327912878,-72.3920872,135333,135333,135333,26113.55,27067.07,96.47719535,19631.46457,south_america,geoglows,Orinoco_River,9011627
21217200,CARMEN EL,COELLO,4.297916671,-75.20455986,135360,135360,135360,1092.35,1245.03,87.73684168,27878.99273,south_america,geoglows,Northwest_Coast,9011695
21237010,NARI#O,MAGDALENA,4.387916667,-74.83791667,135363,135363,135363,48054.4,50559.79,95.04469856,36710.90497,south_america,geoglows,Northwest_Coast,9011707
21217070,PAYANDE,COELLO,4.301299989,-75.08879999,135449,135449,135449,1529.74,1906.16,80.25244471,17084.90797,south_america,geoglows,Northwest_Coast,9011730
35107010,PTE CABUYARITO,CABUYARITO,4.29125,-72.86541667,135388,135388,135388,968,1017.23,95.16038654,15179.09614,south_america,geoglows,Orinoco_River,9011772
35107030,CABUYARO,META,4.279583334,-72.79125,135406,135406,135406,14407.89,15028.48,95.87057374,12095.2448,south_america,geoglows,Orinoco_River,9011802
35057010,CABLE EL,HUMEA,4.39375,-73.29208333,135447,135447,135447,955.38,1256.46,76.03743852,48843.67212,south_america,geoglows,Orinoco_River,9011901
35027200,PALMAR EL,BLANCO,4.208778675,-73.81704008,135505,135505,135505,1010.25,1049.17,96.29040098,18388.80306,south_america,geoglows,Orinoco_River,9011914
35027190,GUACAPATE,NEGRO,4.31625,-73.86541667,135455,135455,135455,1298.24,1491.93,87.01748742,18177.59255,south_america,geoglows,Orinoco_River,9011915
35047030,PTE CARRETERA,GUACAVIA,4.312916667,-73.41208333,135456,135456,135456,339.79,503.52,67.48292024,52598.80682,south_america,geoglows,Orinoco_River,9011917
21197150,LIMONAR EL,SUMAPAZ,4.232083333,-74.62041667,135470,135470,135470,2428.14,2664.79,91.11937526,33859.37254,south_america,geoglows,Northwest_Coast,9011932
54097010,PENITAS,SAN JUAN,4.292083333,-77.02125,135494,135494,135494,12198.43,13037.44,93.56461084,27324.44402,south_america,geoglows,Northwest_Coast,9011968
35037100,PTE ABADIA AUTOMAT,GUATIQUIA,4.23625,-73.63458333,135569,135569,135569,687.01,1319.27,52.07501118,46302.29719,south_america,geoglows,Orinoco_River,9012052
22077060,GUAMAL EL,TUAMO,4.170416667,-75.27375,135550,135550,135550,280.49,307.2,91.30533854,20431.75858,south_america,geoglows,Northwest_Coast,9012074
22077050,PIJAITO,CHILI,4.150416666,-75.30458333,135581,135581,135581,418.41,454.04,92.15267377,27082.50837,south_america,geoglows,Northwest_Coast,9012098
35027150,ANIMAS LAS,CHOCHAL,4.138797014,-74.17291679,135508,135508,135508,110.24,423.57,26.02639469,7840.922139,south_america,geoglows,Orinoco_River,9012127
21197030,PLAYA LA,SUMAPAZ,4.192939118,-74.50041667,135731,135731,135731,1119.61,1257.96,89.00203504,18241.56992,south_america,geoglows,Northwest_Coast,9012165
35027210,CASETEJA-DELICIAS,NEGRO,4.195416667,-73.76875,135592,135592,135592,2479.97,2728.78,90.88200588,26744.99108,south_america,geoglows,Orinoco_River,9012169
35017020,PTE LLERAS AUTOMAT,META,4.102083334,-72.93708333,135746,135746,135746,8373.8,8868.4,94.42289477,6154.21713,south_america,geoglows,Orinoco_River,9012220
35127020,CAMP YUCAO,YUCAO,4.341544361,-72.15875002,135305,135305,135305,1904.29,1953.87,97.46247192,44873.76425,south_america,geoglows,Orinoco_River,9012282
54077010,TROJITA LA,CALIMA,4.068764906,-77.08459822,135724,135724,135724,1287.95,1449.34,88.86458664,24402.05857,south_america,geoglows,Northwest_Coast,9012286
35027140,PTE CARRETERA,GUAYURIBA,4.069576264,-73.76292374,135795,135795,135795,2816.54,3797.93,74.1598713,11984.50558,south_america,geoglows,Orinoco_River,9012335
21167050,PTE CUNDAY,PRADO,4.058758075,-74.68709831,135760,135760,135760,142.21,387.99,36.65300652,16182.27792,south_america,geoglows,Northwest_Coast,9012378
22077030,DIAMANTE EL,CUCUANA,4.022916667,-75.56958333,135693,135693,135693,231.43,745.56,31.04109663,9871.485434,south_america,geoglows,Northwest_Coast,9012394
21187030,CUCUNUBA,LUISA,4.232083333,-75.12625,135694,135694,135694,233.06,532.64,43.75563232,86538.73508,south_america,geoglows,Northwest_Coast,9012401
35127010,PTO GAITAN,MANACACIAS,4.32375,-72.05458333,135888,135888,135888,9830.46,10174.74,96.61632631,52207.92409,south_america,geoglows,Orinoco_River,9012484
21197010,PROFUNDO EL AUTOMA,SUMAPAZ,4.022083334,-74.52125,135731,135731,135731,884.58,1257.96,70.31861109,22756.56547,south_america,geoglows,Northwest_Coast,9012486
32207010,CEJAL,GUAVIARE,3.992916666,-68.33958333,135738,135738,135738,83613.12,85736.54,97.523312,13735.14958,south_america,geoglows,Orinoco_River,9012489
21167090,RUBY EL HDA AUTOMA,CUNDAY,4.011253956,-74.71958843,135760,135760,135760,338.11,387.99,87.14399856,13230.91952,south_america,geoglows,Northwest_Coast,9012562
31097010,CUAYARE,GUAVIARE,3.960386161,-67.8346143,135788,135788,135788,138750.72,141274.56,98.21352125,25708.27571,south_america,geoglows,Orinoco_River,9012600
21167060,SAN PABLO AUTOMATI,CUINDE,3.939583335,-74.65161457,135763,135763,135763,172.57,291.08,59.28610691,24685.24863,south_america,geoglows,Northwest_Coast,9012611
26107130,MATEGUADUA,TULUA,4.01625,-76.15708333,135806,135806,135806,766.64,1071.79,71.52893757,29600.39772,south_america,geoglows,Northwest_Coast,9012628
22067010,PTE ORTEGA,ORTEGA,3.920416667,-75.18208333,135797,135797,135797,278.74,327.84,85.02318204,32782.61417,south_america,geoglows,Northwest_Coast,9012649
22057010,PIEDRAS DE COBRE,SALDANA,3.909583333,-75.10458333,135798,135798,135798,7738.15,8185.25,94.53773556,6469.981159,south_america,geoglows,Northwest_Coast,9012650
26087050,MEDIACANOA,CAUCA,3.90125,-76.35458333,135835,135835,135835,12105.94,12957.65,93.42697171,4858.411342,south_america,geoglows,Northwest_Coast,9012723
31097020,PTO INIRIDA,INIRIDA,3.88125,-67.93541667,135846,135846,135846,53889.65,54452.17,98.96694659,8621.877675,south_america,geoglows,Orinoco_River,9012751
21137010,PURIFICACION,MAGDALENA,3.84875,-74.93458333,135917,135917,135917,25466.3,26757.17,95.17561087,11393.05791,south_america,geoglows,Northwest_Coast,9012910
21137020,PURIFICACION 1,CHENCHE,3.859627274,-74.9570394,135912,135912,135912,262.65,306.98,85.55931983,37794.3109,south_america,geoglows,Northwest_Coast,9012980
32067030,PTO ANGOSTURAS AUT,ARIARI,3.792083334,-73.92208333,136264,136264,136264,764.86,1144.2,66.84670512,11307.16181,south_america,geoglows,Orinoco_River,9012988
22057070,PTE COLACHE,SALDANA,3.795443116,-75.20539025,136077,136077,136077,6423.14,6867.99,93.52285021,12733.42413,south_america,geoglows,Northwest_Coast,9012999
35127030,ESPERANZA LA,MANACACIAS,3.814583333,-72.27958333,135959,135959,135959,8495.84,8822.86,96.29349213,8396.732356,south_america,geoglows,Orinoco_River,9013012
22067020,BRAZUELO DELICIAS,TETUAN,3.774583333,-75.46458333,135961,135961,135961,371.27,905.43,41.00482644,50650.15762,south_america,geoglows,Northwest_Coast,9013013
35017070,RANCHO ALEGRE,OROTOY,3.86875,-73.53291667,135988,135988,135988,191.58,413.02,46.38516295,68486.24523,south_america,geoglows,Orinoco_River,9013059
35017040,BARRO EL,METICA,3.750416666,-73.18041667,136038,136038,136038,2354.2,2481.74,94.86086375,16178.67972,south_america,geoglows,Orinoco_River,9013191
35137010,CEJALITO,CNO MELUA,3.734841787,-72.37015821,136042,136042,136042,483.37,496.94,97.26928804,55559.59788,south_america,geoglows,Orinoco_River,9013199
53107040,AGUACLARA,ANCHICAYA,3.672916668,-76.94875,136142,136142,136142,851.64,1262.26,67.46945954,13773.74469,south_america,geoglows,Northwest_Coast,9013251
21167080,MORA LA,NEGRO,3.725606702,-74.82541667,136067,136067,136067,443.35,596.2,74.36262999,13447.61445,south_america,geoglows,Northwest_Coast,9013257
22047010,QUESO EL HDA,AMOYA,3.657916666,-75.44625,136092,136092,136092,1150.44,1210.8,95.0148662,10389.20428,south_america,geoglows,Northwest_Coast,9013322
32157060,BARRANCO MURCIELAG,GUAVIARE,3.572083333,-69.58958333,136189,136189,136189,72100.7,74089.25,97.31600738,27696.41176,south_america,geoglows,Orinoco_River,9013519
21137040,ANCHIQUE,ANCHIQUE,3.567916667,-75.14125,136218,136218,136218,217.74,287.1,75.84117032,28936.3244,south_america,geoglows,Northwest_Coast,9013563
22057060,MURALLA LA,SALDANA,3.48375,-75.47041667,136315,136315,136315,4406.65,4963.37,88.78342739,36118.10867,south_america,geoglows,Northwest_Coast,9013767
22017010,BOCAS,ANAMICHU,3.472083333,-75.66625,136323,136323,136323,651.78,797.83,81.69409523,31877.48429,south_america,geoglows,Northwest_Coast,9013781
21137050,ANGOSTURA,MAGDALENA,3.442916667,-75.11875,136367,136367,136367,22251.66,23610.55,94.2445644,22139.51887,south_america,geoglows,Northwest_Coast,9013878
22017020,SARDINAS LAS,SALDANA,3.43875,-75.68541667,136377,136377,136377,1627.68,1762.35,92.3584986,7058.510998,south_america,geoglows,Northwest_Coast,9013901
32157040,PUEBLO NUEVO,GUAVIARE,3.424583334,-69.89291667,136379,136379,136379,61580.96,63402.75,97.12663883,20286.12212,south_america,geoglows,Orinoco_River,9013904
26067010,JUANCHITO,CAUCA,3.45125,-76.46625,136411,136411,136411,9082.49,9602.4,94.58562443,10494.18506,south_america,geoglows,Northwest_Coast,9013978
21147080,TRES ESQUINAS,CABRERA,3.404583333,-74.81708333,136416,136416,136416,1181.26,1236.72,95.51555728,8485.929092,south_america,geoglows,Northwest_Coast,9013995
32077110,LIMON EL,GUEJAR,3.364583334,-74.02708333,136451,136451,136451,286.09,297.2,96.26177658,393.913495,south_america,geoglows,Orinoco_River,9014079
22057050,PTE LA HAMACA,QDA POLE,3.46375,-75.52375,136349,136349,136349,172.7,183.62,94.05293541,17895.38848,south_america,geoglows,Northwest_Coast,9014132
21147010,SAN ALFONSO,CABRERA,3.36125,-75.11875,136528,136528,136528,2722.26,2923.36,93.12092934,24800.85355,south_america,geoglows,Northwest_Coast,9014248
21147030,CARRASPOSO,CABRERA,3.324583334,-74.87541667,136531,136531,136531,1663.36,1760.54,94.4801027,17606.3499,south_america,geoglows,Northwest_Coast,9014252
32077100,PE#AS BLANCAS,GUEJAR,3.25125,-73.89291667,136570,136570,136570,1176.99,1229.64,95.718259,7150.233471,south_america,geoglows,Orinoco_River,9014345
26057080,HORMIGUERO,CAUCA,3.301159807,-76.44708331,136572,136572,136572,7778.28,8233.8,94.46768199,7643.582472,south_america,geoglows,Northwest_Coast,9014346
21137030,PTE CARRETERA,AIPE,3.253750003,-75.24241528,136577,136577,136577,656.46,690.5,95.07023896,28886.86158,south_america,geoglows,Northwest_Coast,9014356
26057030,POTRERITO,JAMUNDI,3.243724815,-76.58451648,136558,136558,136558,77.8,291.12,26.72437483,15383.52193,south_america,geoglows,Northwest_Coast,9014397
21147050,PTE VENADO,VENADO,3.284583334,-74.90791667,136604,136604,136604,524.68,548.48,95.66073512,10520.0996,south_america,geoglows,Northwest_Coast,9014399
26027180,LA_BOLSA,CAUCA,3.177925972,-76.47374072,136731,136731,136731,5899.66,6325.68,93.26522998,7157.965197,south_america,geoglows,Northwest_Coast,9014527
26057040,TIMBA,TIMBA,3.11625,-76.62291667,136756,136756,136756,396.91,429.59,92.39274657,13956.66387,south_america,geoglows,Northwest_Coast,9014797
26027010,LA_BALSA,CAUCA,3.09375,-76.59875,136757,136757,136757,5058.76,5376.14,94.0965079,9937.322888,south_america,geoglows,Northwest_Coast,9014798
26057070,TABLANCA,CAUCA,3.10625,-76.57291667,136757,136757,136757,5075.34,5376.14,94.40490761,9937.322888,south_america,geoglows,Northwest_Coast,9014798
22027020,GAITANIA,ATA,3.127947018,-75.65548455,136817,136817,136817,917.3,1611.72,56.91435237,23724.48648,south_america,geoglows,Northwest_Coast,9014932
26047020,BOCATOMA,PALO,3.062083333,-76.34958333,136836,136836,136836,843.22,966.77,87.22033162,35801.97986,south_america,geoglows,Northwest_Coast,9014985
26027250,BUENOS AIRES,LA TETA,3.038863737,-76.58043862,136793,136793,136793,127.02,214.29,59.2748145,19186.89045,south_america,geoglows,Northwest_Coast,9015027
53077020,GUAYABAL,MICAY,2.996312701,-77.49131266,136991,136991,136991,3821.04,4249.45,89.91846004,39164.89546,south_america,geoglows,Northwest_Coast,9015051
26027210,PTE FERROCARRIL,QUINAMAYO,3.037083334,-76.51125,136830,136830,136830,154.47,289.75,53.31147541,12666.02122,south_america,geoglows,Northwest_Coast,9015091
21097070,PTE SANTANDER AUTO,MAGDALENA,2.94375,-75.30625,136925,136925,136925,15113.18,16082.05,93.97545711,15866.70257,south_america,geoglows,Northwest_Coast,9015168
32077070,PINALITO,GUEJAR,2.968740674,-73.67374067,136939,136939,136939,2331.02,2550.06,91.41039819,24757.13185,south_america,geoglows,Orinoco_River,9015197
32077080,PTO RICO,ARIARI,2.939583333,-73.21291667,136947,136947,136947,6471.25,6724.64,96.23191725,9222.577499,south_america,geoglows,Orinoco_River,9015222
21127020,SOCORRO EL,BACHE,2.955416666,-75.52041667,136948,136948,136948,298.85,493.47,60.56092569,32678.89719,south_america,geoglows,Northwest_Coast,9015224
53077060,MONO EL,CHUARE,2.92125,-77.22208333,136993,136993,136993,631.39,694.69,90.888022,27630.96604,south_america,geoglows,Northwest_Coast,9015327
32097010,MAPIRIPAN,GUAVIARE,2.88875,-72.13041667,137053,137053,137053,40210.38,41880.67,96.01178778,9574.226362,south_america,geoglows,Orinoco_River,9015333
21127010,PALERMO,TUNE,2.90375,-75.44291667,137008,137008,137008,187.22,250.42,74.76239917,20427.49082,south_america,geoglows,Northwest_Coast,9015466
26057160,SUAREZ,CAUCA,2.952083333,-76.69625,137072,137072,137072,3615.77,3838.45,94.1987,24702.1105,south_america,geoglows,Northwest_Coast,9015504
21117080,GUAYABO,CEIBAS,2.920416666,-75.14875,137003,137003,137003,223.95,311.92,71.79725571,42643.89978,south_america,geoglows,Northwest_Coast,9015505
21117100,PUEBLO NUEVO AUTOM,CEIBAS,2.827336287,-75.08877586,137003,137003,137003,104.14,311.92,33.38676584,42643.89978,south_america,geoglows,Northwest_Coast,9015505
32157010,MAPIRIPANA,GUAVIARE,2.803780036,-70.5254467,137099,137099,137099,52332.48,53976.69,96.95385175,12554.15315,south_america,geoglows,Orinoco_River,9015566
53077010,ANGOSTURA,MICAY,2.799583334,-77.25541667,137207,137207,137207,2382.06,2837.91,83.93712274,21419.06815,south_america,geoglows,Northwest_Coast,9015831
21097120,ESPERANZA LA,MAGDALENA,2.74884583,-75.37368648,137212,137212,137212,13182.49,13958.01,94.44390712,18969.38839,south_america,geoglows,Northwest_Coast,9015841
21087040,HIDROELECTRICA,PEDERNAL,2.71385488,-75.56876184,137287,137287,137287,104.26,160.3,65.04054897,13173.20938,south_america,geoglows,Northwest_Coast,9016017
21087080,VENECIA HDA,YAGUARA,2.643751069,-75.54375707,137288,137288,137288,667.54,839.29,79.53627471,16755.26647,south_america,geoglows,Northwest_Coast,9016018
21087050,BOCATOMA,IQUIRA,2.707088527,-75.62293554,137299,137299,137299,122.3,171.89,71.15015417,9712.846614,south_america,geoglows,Northwest_Coast,9016040
21087070,JARDIN EL HDA,YAGUARA,2.630416667,-75.55541667,137312,137312,137312,489.86,540.61,90.6124563,8027.256088,south_america,geoglows,Northwest_Coast,9016063
26027100,PTE CARRETERA,PIENDAMO,2.62625,-76.52375,137366,137366,137366,285.55,414.25,68.93180447,65602.67969,south_america,geoglows,Northwest_Coast,9016192
32107010,PTO ARTURO,GUAVIARE,2.572083339,-72.74867948,137378,137378,137378,35705.43,37449.4,95.34312966,36258.67962,south_america,geoglows,Orinoco_River,9016205
32047010,RAUDAL DOS,GUAYABERO,2.580416666,-72.86541667,137387,137387,137387,23074.02,24043.78,95.96669076,6711.86359,south_america,geoglows,Orinoco_River,9016225
21057130,RIO CHIQUITO,NEGRO,2.66541386,-75.77625281,137473,137473,137473,463.98,824.6,56.26728111,27212.26471,south_america,geoglows,Northwest_Coast,9016272
21107020,PTE MULAS,NEIVA,2.567096646,-75.37126331,137421,137421,137421,618.07,1115.15,55.42483074,25813.42525,south_america,geoglows,Northwest_Coast,9016291
21107030,CASIL EL,NEIVA,2.545416667,-75.30208333,137428,137428,137428,213.98,323.5,66.14528594,21306.43515,south_america,geoglows,Northwest_Coast,9016302
26037010,REMOLINO,SUCIO,2.514583333,-76.83125,137444,137444,137444,153.01,238.52,64.14975683,17741.3521,south_america,geoglows,Northwest_Coast,9016364
53047010,SANGARAL,NAPI,2.507916667,-77.69328057,137469,137469,137469,415.23,479.49,86.59826065,13019.42432,south_america,geoglows,Northwest_Coast,9016421
26037030,PTE CARRETERA,HONDO,2.477968216,-76.72630155,137481,137481,137481,210.01,377.78,55.59055535,7138.287087,south_america,geoglows,Northwest_Coast,9016449
26027200,PTE CARRETERA,PALACE,2.537919801,-76.55873634,137492,137492,137492,252.1,270.86,93.07391272,42170.09725,south_america,geoglows,Northwest_Coast,9016482
26027080,TOTORO,COFRE,2.512145496,-76.40545282,137407,137407,137407,53.33,220.17,24.22219194,42170.09725,south_america,geoglows,Northwest_Coast,9016482
21077020,PASO DEL COLEGIO,MAGDALENA,2.462529556,-75.56663711,137498,137498,137498,11856.06,12957.68,91.49832377,24372.82683,south_america,geoglows,Northwest_Coast,9016495
21057060,PAICOL,PAEZ,2.460416667,-75.76125,137528,137528,137528,4837.01,5479.67,88.27192148,14901.73762,south_america,geoglows,Northwest_Coast,9016523
21057030,PTE RICAURTE,PAEZ,2.45625,-75.91291667,137527,137527,137527,2452.23,2614.47,93.7945358,27795.72289,south_america,geoglows,Northwest_Coast,9016565
26017020,JULUMITO,CAUCA,2.469287811,-76.64428781,137809,137809,137809,728.28,835.88,87.12733885,41477.22895,south_america,geoglows,Northwest_Coast,9016588
26017030,BOCATOMA-FLORIDA,CAUCA,2.424583333,-76.51791667,137809,137809,137809,553.69,835.88,66.24036943,41477.22895,south_america,geoglows,Northwest_Coast,9016588
52017100,PTE CARRETERA,TIMBIO,2.357083334,-76.84968312,137743,137743,137743,276.74,562.93,49.16064164,12330.57561,south_america,geoglows,Northwest_Coast,9016839
32037010,BALSORA LA,GUAYABERO,2.439583338,-73.93208644,137645,137645,137645,9656.26,10200.98,94.66012089,20278.26987,south_america,geoglows,Orinoco_River,9016864
21057050,VEGA EL SALADO,LA PLATA,2.331322443,-75.94208333,137648,137648,137648,1220.02,1466.43,83.19660673,19086.74805,south_america,geoglows,Northwest_Coast,9016870
21057080,VILLALOSADA,LA PLATA,2.284583334,-75.96625,137727,137727,137727,871.84,1114.67,78.21507711,4180.317796,south_america,geoglows,Northwest_Coast,9017041
21057110,TREBOL EL,BEDON,2.250416667,-76.12708333,137770,137770,137770,292.51,448.57,65.20944334,51421.15703,south_america,geoglows,Northwest_Coast,9017127
21047010,PTE BALSEADERO,MAGDALENA,2.232476862,-75.64708333,137847,137847,137847,5643.49,6085.78,92.73240242,3726.182248,south_america,geoglows,Northwest_Coast,9017138
52017130,PTE COLGANTE,TIMBIO,2.21875,-77.00625,137798,137798,137798,761.28,813,93.63837638,6382.469218,south_america,geoglows,Northwest_Coast,9017179
52017120,HOYO EL,QUILCASE,2.20875,-77.00958333,137801,137801,137801,630.75,668.49,94.35444061,12638.59353,south_america,geoglows,Northwest_Coast,9017181
52017110,PTE CARRETERA,QUILCASE,2.329583334,-76.84875,137735,137735,137735,271.98,320.5,84.86115445,48964.3651,south_america,geoglows,Northwest_Coast,9017186
26017060,PTE ARAGON,CAUCA,2.20302778,-76.49655556,137809,137809,137809,159.41,835.88,19.07091927,27428.77071,south_america,geoglows,Northwest_Coast,9017195
32037030,MACARENA LA,GUAYABERO,2.187083334,-73.79041667,137834,137834,137834,13896.37,14455.78,96.13019844,12989.37867,south_america,geoglows,Orinoco_River,9017261
52017070,BOCATOMA,SAJANDI,2.216666667,-77.05708333,137875,137875,137875,168.11,198.51,84.68591003,18833.40899,south_america,geoglows,Northwest_Coast,9017368
46017010,SAN IGNACIO,CAGUAN,2.089583333,-74.77125,138002,138002,138002,3343.2,3681.54,90.80982415,10474.9706,south_america,geoglows,Amazon_River,9017630
21027010,PERICONGO,MAGDALENA,2.053759259,-75.85207409,137996,137996,137996,3561.03,4186.67,85.05638133,26634.22304,south_america,geoglows,Northwest_Coast,9017664
52017030,FONDA LA,PATIA,2.151276688,-77.05622331,138068,138068,138068,1701.98,2374.94,71.66412625,20788.10584,south_america,geoglows,Northwest_Coast,9017695
21017040,SALADO BLANCO,MAGDALENA,1.98875,-76.01208333,138059,138059,138059,2994.17,3541.23,84.55169532,8666.561677,south_america,geoglows,Northwest_Coast,9017862
52017080,PTE CARRETERA,MAMACONDE,1.972083334,-77.20958333,138069,138069,138069,247.04,259.44,95.22047487,11418.42321,south_america,geoglows,Northwest_Coast,9017878
52027010,GUACHICONO,GUACHICONO,2.04625,-77.00291667,138081,138081,138081,960.52,1088.43,88.24821073,25065.49078,south_america,geoglows,Northwest_Coast,9017906
52027020,PLAYA LA,SAN JORGE,1.967151203,-77.00881787,138206,138206,138206,667.65,848.53,78.68313436,25985.29625,south_america,geoglows,Northwest_Coast,9017972
21017060,MAGDALENA LA,MAGDALENA,1.905416668,-76.4010353,138126,138126,138126,559.78,861.53,64.97510243,6899.350412,south_america,geoglows,Northwest_Coast,9018010
21017030,CASCADA SIMON BOLI,MAGDALENA,1.87375,-76.23125,138157,138157,138157,1124.68,1189.19,94.57529915,10932.24146,south_america,geoglows,Northwest_Coast,9018085
21017020,SAN AGUSTIN,NARANJOS,1.870416667,-76.23291667,138159,138159,138159,323.68,341.83,94.69034315,3977.60785,south_america,geoglows,Northwest_Coast,9018087
21037010,PTE GARCES,SUAZA,2.02625,-75.77536111,138366,138366,138366,992.66,1068.7,92.88481333,28455.32611,south_america,geoglows,Northwest_Coast,9018120
46037060,PTO RICO,GUAYAS,1.924583334,-75.15125,138192,138192,138192,2439.74,2761.23,88.35700032,40821.24147,south_america,geoglows,Amazon_River,9018153
44037040,ROSARIO EL - AUTOM,CARA#O,1.723731499,-75.66623572,138503,138503,138503,55.65,504.46,11.03159815,2807.811636,south_america,geoglows,Amazon_River,9018513
21017050,PITALITO 2,GUARAPAS,1.849583334,-76.05291667,138302,138302,138302,267.78,476.58,56.18783835,24640.3429,south_america,geoglows,Northwest_Coast,9018571
52077020,NORTES LOS,PATIA,1.741250002,-77.53113033,138486,138486,138486,13127.04,14282.75,91.90835098,17836.64621,south_america,geoglows,Northwest_Coast,9018597
44017070,STA ROSA,CAQUETA,1.702083333,-76.56625,138429,138429,138429,683.55,817.38,83.62695442,12128.9063,south_america,geoglows,Amazon_River,9018737
52037010,CA#ADA LA,MAYO,1.66625,-77.01458333,138435,138435,138435,336.4,879.18,38.26292682,35893.47266,south_america,geoglows,Northwest_Coast,9018745
52067010,SALI,TELEMBI,1.68371773,-77.9771156,138450,138450,138450,1757.87,1775.32,99.01707861,21619.39164,south_america,geoglows,Northwest_Coast,9018797
52017010,PTE GUASCAS,PATIA,1.594583336,-77.42943269,138487,138487,138487,8769.28,9318.66,94.10451717,7215.15852,south_america,geoglows,Northwest_Coast,9018882
44037060,FLORENCIA AUTOMATI,HACHA,1.621214849,-75.61875,138503,138503,138503,296.55,504.46,58.78563216,32083.01014,south_america,geoglows,Amazon_River,9018934
52057030,AGROYACO,GUAITARA,1.576258745,-77.44209208,138583,138583,138583,3996.35,4262.59,93.75403217,12275.41045,south_america,geoglows,Northwest_Coast,9019096
52047020,PTE JUANAMBU,JUANAMBU,1.517083334,-77.31041667,138830,138830,138830,1348.23,1360.59,99.09157057,24442.65603,south_america,geoglows,Northwest_Coast,9019234
44037090,LARANDIA,ORTEGUAZA,1.477916667,-75.49875,138638,138638,138638,1669.16,1778.8,93.83629413,28909.95097,south_america,geoglows,Amazon_River,9019240
44037050,VENECIA,ORTEGUAZA,1.557791183,-75.53208348,138638,138638,138638,1553.91,1778.8,87.35720711,28909.95097,south_america,geoglows,Amazon_River,9019240
44037100,ITARCA,SAN PEDRO,1.52875,-75.47958333,138639,138639,138639,638.69,783.64,81.50298607,32692.00607,south_america,geoglows,Amazon_River,9019241
44037080,MORELIA,BODOQUERO,1.496198408,-75.72710248,138732,138732,138732,339.15,650.38,52.14643747,54654.03885,south_america,geoglows,Amazon_River,9019326
51027060,SAN JUAN,MIRA,1.423747845,-78.66874999,138777,138777,138777,9746.88,10504.39,92.78863409,21686.03012,south_america,geoglows,Northwest_Coast,9019391
44017140,BETANIA,VILLALOBOS,1.43375,-76.48125,138743,138743,138743,642.96,777.9,82.65329734,15572.88189,south_america,geoglows,Amazon_River,9019446
52057050,SAN PEDRO,GUAITARA,1.383738668,-77.482072,138757,138757,138757,3206.77,3589.63,89.33427679,19206.45877,south_america,geoglows,Northwest_Coast,9019478
52067040,SANDE EL,CRISTAL,1.403733562,-77.76875,138711,138711,138711,152.78,270.83,56.41177122,27689.41783,south_america,geoglows,Northwest_Coast,9019529
52057060,YUNGUILLA,PACUAL,1.353298263,-77.58291667,138917,138917,138917,373.75,557.51,67.03915625,33710.92559,south_america,geoglows,Northwest_Coast,9019684
42077030,PITUNA,CUDAYARI,1.295416668,-70.32550303,138872,138872,138872,1546.16,1782.24,86.75374809,16724.26068,south_america,geoglows,Amazon_River,9019718
51027050,PIPIGUAY,GUIZA,1.236930291,-78.09708333,138919,138919,138919,1107.95,1721,64.37826845,67655.74316,south_america,geoglows,Northwest_Coast,9019859
52047040,PROVIDENCIA,PASTO,1.432916667,-77.30041667,138943,138943,138943,459.41,489.37,93.87784294,46594.62323,south_america,geoglows,Northwest_Coast,9019913
52047030,BOCATOM CENTENARIO,PASTO,1.202068086,-77.24710705,138943,138943,138943,67.81,489.37,13.85659113,46594.62323,south_america,geoglows,Northwest_Coast,9019913
51027040,PALPIS,GUIZA,1.22375,-78.05322153,139070,139070,139070,515.16,538.72,95.62667063,19556.33035,south_america,geoglows,Northwest_Coast,9019956
42077020,MITU AUTOMATICA,VAUPES,1.26125,-70.23708333,139033,139033,139033,21587.06,22017.69,98.04416358,21950.54619,south_america,geoglows,Amazon_River,9020017
44017120,PIEDRA LISA II,MOCOA,1.213750001,-76.66103382,139211,139211,139211,332.04,687.83,48.27355597,33826.59409,south_america,geoglows,Amazon_River,9020276
42077010,SAN ANTONIO,VAUPES,1.21625,-70.71458333,139106,139106,139106,20063.28,20863.31,96.16537357,46288.4339,south_america,geoglows,Amazon_River,9020286
47017070,EDEN EL,PUTUMAYO,1.096247597,-76.95125341,139481,139481,139481,533.66,1103.04,48.38083841,22569.65227,south_america,geoglows,Amazon_River,9020413
44017110,ANDAQUI,CAQUETA,1.05125,-76.54791667,139187,139187,139187,4446.91,4730.1,94.01302298,29709.54866,south_america,geoglows,Amazon_River,9020442
52057010,PILCUAN,GUAITARA,1.022083333,-77.47291667,139214,139214,139214,1967.07,2231.1,88.16592712,1714.917556,south_america,geoglows,Northwest_Coast,9020495
47017020,COCHA LA,GUAMUES,0.990416666,-77.15625,139676,139676,139676,240.73,724.96,33.20596999,11725.66293,south_america,geoglows,Amazon_River,9020592
42067010,CERROS LOS,VAUPES,0.88875,-70.77041667,139480,139480,139480,17072.99,17473.8,97.70622303,13110.74103,south_america,geoglows,Amazon_River,9020870
52057040,CARLOSAMA,BLANCO,0.84375,-77.68541667,139441,139441,139441,225.09,228.23,98.62419489,22548.60455,south_america,geoglows,Northwest_Coast,9020996
47017150,JOYA LA,GUINEO,0.800405839,-76.58289829,139482,139482,139482,321.76,340.65,94.45471892,13515.20806,south_america,geoglows,Amazon_River,9021095
47017110,MONOPAMBA,SUCIO,0.802916666,-77.30541667,139675,139675,139675,457.27,895.29,51.07507065,41717.28376,south_america,geoglows,Amazon_River,9021525
47017160,PTE TEXAS,PUTUMAYO,0.582083333,-76.57708333,139792,139792,139792,3669.63,3901.45,94.0581066,11866.24837,south_america,geoglows,Amazon_River,9021824
47017170,PICUDO EL,GUAMUES,0.48875,-76.83541667,139895,139895,139895,1755.75,2264.91,77.51963654,26737.47583,south_america,geoglows,Amazon_River,9022061
47017200,NARANJOS LOS,PUTUMAYO,0.382083334,-76.39625,139991,139991,139991,7104.55,7722.96,91.99257798,22210.46684,south_america,geoglows,Amazon_River,9022275
44117010,TAGUA LA,CAQUETA,-0.056531847,-74.66736518,140704,140704,140704,31287.85,33496.16,93.40727415,7234.16821,south_america,geoglows,Amazon_River,9023711
47017190,BELLAVISTA,PUTUMAYO,-0.38853017,-74.57896983,141092,141092,141092,21803.48,23030.4,94.67260664,11303.94705,south_america,geoglows,Amazon_River,9024820
44157010,MERCEDES LAS,CAQUETA,-0.63875,-72.34375,141483,141483,141483,68257.74,71347.7,95.66915262,22702.44819,south_america,geoglows,Amazon_River,9025489
44167020,STA ISABEL,CAQUETA,-1.09875,-71.11875,142170,142170,142170,116291.14,120899.72,96.18809704,13435.93918,south_america,geoglows,Amazon_River,9027236
44157030,MARIA MANTECA,CAQUETA,-1.422916667,-70.59125,142657,142657,142657,133247.2,138522.44,96.19177947,11905.07432,south_america,geoglows,Amazon_River,9028244
44187030,BACURI,CAQUETA,-1.235416667,-69.46958333,142618,142618,142618,149176.13,154186.25,96.75060519,40186.77131,south_america,geoglows,Amazon_River,9028250
47077010,CHORRERA LA,IGARA PARANA,-1.445416705,-72.78952281,142664,142664,142664,4429.66,4761.36,93.03350303,14926.53264,south_america,geoglows,Amazon_River,9028357
47047040,SAN AGUSTIN,PUTUMAYO,-1.607961705,-73.48712834,143013,143013,143013,31888.3,33566.21,95.00119316,48044.87975,south_america,geoglows,Amazon_River,9029189
47067020,ESTRECHO-MARANDUA,PUTUMAYO,-2.443762998,-72.67292966,144197,144197,144197,48552.28,50991.74,95.21597027,4738.200578,south_america,geoglows,Amazon_River,9031915
47107010,TARAPACA,PUTUMAYO,-2.896586356,-69.72852529,145036,145036,145036,106087.69,109928.73,96.50588158,16038.85205,south_america,geoglows,Amazon_River,9033593
48017030,NAZARETH,AMAZONAS,-4.122860113,-70.03709338,147303,147303,147303,877382.12,919401.19,95.42973509,17239.93162,south_america,geoglows,Amazon_River,9038835